era,avg_max_win_share,peak_max_win_share,seasons
Early Era (1950–1969),0.584215367965368,0.875,20
Ground Effect Era (2022–2025),0.6714015151515151,0.9545454545454546,4
Hybrid Era (2010–2021),0.6526039363113666,0.9047619047619048,12
Refuelling Era (1990–2009),0.5648370313037495,0.8823529411764706,20
Turbo / Transition Era (1970–1989),0.4634997967718556,0.9375,20
